Faculty_Id,First_Name,Last_Name,Email,Phone,Gender,Designation_Id,Password,,Experience
5000,Daryl,Thompson,d.thompson@randatmail.com,7788216608,Male,1000,AC9g6SmX,,11
5001,Olivia,Barrett,o.barrett@randatmail.com,8390224580,Female,1001,wYnasHSZ,,16
5002,Dominik,Watson,d.watson@randatmail.com,7704928752,Male,1006,hvx3wU86,,25
5003,Lilianna,Myers,l.myers@randatmail.com,9135869852,Female,1018,FwkHPZQJ,,13
5004,Martin,Harper,m.harper@randatmail.com,9806183708,Male,1005,mQnn9Bfy,,22
5005,Tyler,Nelson,t.nelson@randatmail.com,9563562153,Male,1012,tAfpN682,,19
5006,Lily,Bennett,l.bennett@randatmail.com,9495032260,Female,1019,dAp238dp,,5
5007,Dainton,Morgan,d.morgan@randatmail.com,8164433838,Male,1003,yagj7c8E,,19
5008,Maria,Perkins,m.perkins@randatmail.com,8504658460,Female,1011,tmMxjXam,,11
5009,Derek,Barrett,d.barrett@randatmail.com,8544892257,Male,1002,3rP5VWE6,,6
5010,Violet,Hamilton,v.hamilton@randatmail.com,9739411909,Female,1007,zEvXwCZK,,5
5011,Daryl,Barrett,d.barrett@randatmail.com,8218156357,Male,1006,hkdadjjU,,15
5012,Dexter,Crawford,d.crawford@randatmail.com,9158213925,Male,1009,mWAXXSpD,,23
5013,Robert,Tucker,r.tucker@randatmail.com,9933554980,Male,1007,uvTBE9Nw,,16
5014,Rubie,Morrison,r.morrison@randatmail.com,9604532976,Female,1005,dCZTDxtz,,11
5015,Adison,Taylor,a.taylor@randatmail.com,7431985992,Male,1010,d8U2Gu4V,,26
5016,Spike,Morris,s.morris@randatmail.com,7846703922,Male,1009,zVbXjuhh,,12
5017,Lydia,Robinson,l.robinson@randatmail.com,7674094641,Female,1010,wku9Ar5W,,28
5018,Belinda,Douglas,b.douglas@randatmail.com,9897101672,Female,1009,SKsU6xQ2,,27
5019,Isabella,Casey,i.casey@randatmail.com,9318511821,Female,1009,gRMRcBUV,,12
5020,Brianna,Phillips,b.phillips@randatmail.com,9300356234,Female,1004,ZLe2e8PW,,5
5021,Charlie,Farrell,c.farrell@randatmail.com,8145039928,Male,1013,GTmYMHHx,,23
5022,James,Stevens,j.stevens@randatmail.com,8496884080,Male,1008,MDhK3FwQ,,28
5023,Eddy,Johnson,e.johnson@randatmail.com,8136144199,Male,1002,rqhyQC2J,,6
5024,Chelsea,Armstrong,c.armstrong@randatmail.com,8044425436,Female,1010,gFTHvSSG,,5
5025,Garry,Phillips,g.phillips@randatmail.com,7612140786,Male,1015,bSV3NKYV,,8
5026,Elian,Cunningham,e.cunningham@randatmail.com,9242881691,Male,1014,cjccTQ82,,22
5027,Sydney,Wright,s.wright@randatmail.com,8301939447,Female,1010,fvXygunN,,20
5028,Grace,Moore,g.moore@randatmail.com,8193863717,Female,1009,knNAp7wc,,30
5029,Florrie,Mason,f.mason@randatmail.com,8016400726,Female,1010,nWtarAQx,,26
5030,Paige,Riley,p.riley@randatmail.com,7496941111,Female,1007,DTbRuhkD,,27
5031,Tess,Perry,t.perry@randatmail.com,7360452294,Female,1009,dBcL29Ss,,17
5032,Andrew,Adams,a.adams@randatmail.com,8868425711,Male,1002,c6TbXHbg,,14
5033,Penelope,Foster,p.foster@randatmail.com,9986255569,Female,1005,8LBVaEvT,,21
5034,Darcy,Smith,d.smith@randatmail.com,9732019242,Female,1008,Zv62DxAR,,13
5035,Clark,Craig,c.craig@randatmail.com,7168785407,Male,1011,3G788Dw7,,30
5036,Eric,Thomas,e.thomas@randatmail.com,7171512192,Male,1013,hYT6XsGQ,,27
5037,Daisy,Harrison,d.harrison@randatmail.com,7440480919,Female,1003,4CNFnsve,,8
5038,Stuart,Johnston,s.johnston@randatmail.com,9946796886,Male,1007,Z84kXsYU,,18
5039,Miley,Riley,m.riley@randatmail.com,9279705620,Female,1014,W9HHNdp7,,29
5040,Mike,Crawford,m.crawford@randatmail.com,8989669928,Male,1017,9WjMnDEN,,18
5041,Tyler,Elliott,t.elliott@randatmail.com,7406160811,Male,1011,xpS96Tjq,,12
5042,Deanna,Bailey,d.bailey@randatmail.com,7699204569,Female,1016,4zBJK2YH,,19
5043,Daisy,Ryan,d.ryan@randatmail.com,8392468589,Female,1010,MxYbQGnp,,15
5044,Naomi,Wright,n.wright@randatmail.com,8353666130,Female,1005,cNfFqunM,,11
5045,Tiana,Williams,t.williams@randatmail.com,7662246632,Female,1009,tCY7rGsj,,11
5046,Reid,Smith,r.smith@randatmail.com,8319613559,Male,1014,TkyUqV4e,,15
5047,Lydia,Cole,l.cole@randatmail.com,9850685572,Female,1018,rDstb2b2,,11
5048,Myra,Chapman,m.chapman@randatmail.com,8929429805,Female,1008,KujPTYNx,,16
5049,Ryan,Parker,r.parker@randatmail.com,8719233737,Male,1011,4L854UhR,,26